1,Abigail,Kessel,M,single,9876123412348710,Kessel@company.com
2,Anne,Koch,F,single,9876123412348810,Koch@company.com
3,Buick,Emmerson,M,single,9876123412348910,Emmerson@company.com
4,Frank,Hardy,M,single,9876123412349010,Hardy@company.com
5,Macklin,Gowen,M,single,9876123412349110,Gowen@company.com
6,Harriett,Charles,F,single,9876123412349210,harriett.charles@company2.com
7,Linette,Ingram,F,single,9876123412349310,linette.ingram@company2.com
8,Vida,Puleo,F,married,9876123412349410,vida.puleo@company2.com
9,Rosamond,Krider,F,divorced,9876123412349510,rosamond.krider@company2.com
10,Gertrude,Atkins,F,widow,9876123412349610,gertrude.atkins@company2.com
11,Raina,Silverberg,F,single,9876123412349710,raina.silverberg@company2.com
12,Fredericka,Umstatt,F,single,9876123412349810,f.umstatt@company2.com
13,Sibil,Haul,F,married,9876123412349910,sibil.haul@company2.com
14,Gloria,Saintclair,F,single,9876123412350010,gloria.saintclair@company2.com
15,Viola,Nettles,F,divorced,9876123412350110,viola.nettles@company2.com
16,Macy,Littlefield,F,married,9876123412350210,Littlefield@company.com
17,Alyce,Reagan,F,single,9876123412350310,alyce.reagan@company2.com
18,Raina,Cassidy,F,single,9876123412350410,raina.cassidy@company2.com
19,Kaula,Daley,F,married,9876123412350510,kaula.daley@company2.com
20,Gabriela,Sean,F,single,9876123412350610,gabriela.sean@company2.com
21,Yuri,Finch,F,single,9876123412350710,yuri.finch@company2.com
22,Dolores,Moore,F,married,9876123412350810,dolores.moore@company2.com
23,Bertilde,Sexton,F,divorced,9876123412350910,bertilde.sexton@company2.com
24,Jensine,Crocker,F,widow,9876123412351010,jensine.crocker@company2.com
25,Effie,Crocker,F,single,9876123412351110,effie.crocker@company2.com
26,Erica,Vandermark,F,single,9876123412351210,erica.vandermark@company2.com
27,Madallyn,Ladd,F,single,9876123412351310,Ladd@company.com
28,Dora,Hales,F,married,9876123412351410,dora.hales@company2.com
29,Laurice,Lincoln,F,divorced,9876123412351510,laurice.lincoln@company2.com
30,Michaela,Grailing,F,single,9876123412351610,michaela.grailing@company2.com
31,Willa,Fitz,F,single,9876123412351710,willa.fitz@company2.com
32,Carolyn,Hinkle,F,married,9876123412351810,carolyn.hinkle@company2.com
33,Leonora,Lipp,F,single,9876123412351910,leonora.lipp@company2.com
34,Moriah,Edmondson,F,single,9876123412352010,moriah.edmondson@company2.com
35,Kirsten,Newkirk,F,single,9876123412352110,kirsten.newkirk@company2.com
36,Erina,Mccracken,F,single,9876123412352210,erina.mccracken@company2.com
37,Cassandra,Snowden,F,married,9876123412352310,cassandra.snowden@company2.com
38,Maddox,Kelleher,M,single,9876123412352410,Kelleher@company.com
39,Dione,Barone,F,divorced,9876123412352510,dione.barone@company2.com
40,Candra,Tyler,F,widow,9876123412352610,candra.tyler@company2.com
41,Day,Mumm,F,single,9876123412352710,day.mumm@company2.com
42,Blossom,Gimes,F,single,9876123412352810,blossom.gimes@company2.com
43,Catherine,Odenwalld,F,married,9876123412352910,c.odenwalld@company2.com
44,Sada,Kendall,F,single,9876123412353010,sada.kendall@company2.com
45,Echo,Drumm,F,divorced,9876123412353110,echo.drumm@company2.com
46,Cynthia,Trimmer,F,single,9876123412353210,cynthia.trimmer@company2.com
47,Linda,Chen,F,single,9876123412353310,linda.chen@company2.com
48,Cara,Reagan,F,married,9876123412353410,cara.reagan@company2.com
49,Madelaine,Gottlieb,F,married,9876123412353510,Gottlieb@company.com
50,Mauritia,Lindegreen,F,single,9876123412353610,m.lindegreen@company2.com
51,Alyce,Gray,F,single,9876123412353710,alyce.gray@company2.com
52,Irma,Brown,F,married,9876123412353810,irma.brown@company2.com
53,Nanna,Glidden,F,divorced,9876123412353910,nanna.glidden@company2.com
54,Ray,Ready,F,widow,9876123412354010,ray.ready@company2.com
55,Velma,Massey,F,single,9876123412354110,velma.massey@company2.com
56,Orilla,Lease,F,single,9876123412354210,orilla.lease@company2.com
57,Mary,Oddell,F,married,9876123412354310,mary.oddell@company2.com
58,Heidi,Schmidt,F,divorced,9876123412354410,heidi.schmidt@company2.com
59,Trista,Lefevre,F,single,9876123412354510,trista.lefevre@company2.com
60,Madelena,Cole,F,single,9876123412354610,Cole@company.com
61,Leora,Abell,F,single,9876123412354710,leora.abell@company2.com
62,Cordelia,Dunhill,F,married,9876123412354810,cordelia.dunhill@company2.com
63,Erica,Remler,F,single,9876123412354910,erica.remler@company2.com
64,Zillah,Ferris,F,single,9876123412355010,zillah.ferris@company2.com
65,Pansy,Lattimer,F,married,9876123412355110,pansy.lattimer@company2.com
66,Oriena,Rigsby,F,divorced,9876123412355210,oriena.rigsby@company2.com
67,Tasha,Grey,F,widow,9876123412355310,tasha.grey@company2.com
68,Bernadette,Batterton,F,single,9876123412355410,b.batterton@company2.com
69,Melanie,Mayo,F,single,9876123412355510,melanie.mayo@company2.com
70,Koren,Macdonald,F,single,9876123412355610,koren.macdonald@company2.com
71,Madelene,Felton,F,single,9876123412355710,Felton@company.com
72,Beth,Day,F,single,9876123412355810,beth.day@company2.com
73,Teresa,Fairfax,F,married,9876123412355910,teresa.fairfax@company2.com
74,Ray,Wade,F,divorced,9876123412356010,ray.wade@company2.com
75,Cicily,Graham,F,single,9876123412356110,cicily.graham@company2.com
76,Regina,Dooley,F,single,9876123412356210,regina.dooley@company2.com
77,Natasha,Krebs,F,married,9876123412356310,natasha.krebs@company2.com
78,Adelaide,Feathers,F,single,9876123412356410,adelaide.feathers@company2.com
79,Davina,Chinn,F,single,9876123412356510,davina.chinn@company2.com
80,Adelaide,Carpenter,F,single,9876123412356610,a.carpenter@company2.com
81,Myrtle,Joseph,F,married,9876123412356710,myrtle.joseph@company2.com
82,Madeline,Li,F,married,9876123412356810,Li@company.com
83,Faith,Mccracken,F,divorced,9876123412356910,faith.mccracken@company2.com
84,Bertha,Snowden,F,widow,9876123412357010,bertha.snowden@company2.com
85,Ava,Darr,F,single,9876123412357110,ava.darr@company2.com
86,Atalie,Capps,F,single,9876123412357210,atalie.capps@company2.com
87,Mavis,Sellers,F,married,9876123412357310,mavis.sellers@company2.com
88,Faith,Fischer,F,divorced,9876123412357410,faith.fischer@company2.com
89,Dina,Siegel,F,single,9876123412357510,dina.siegel@company2.com
90,Billie,Albans,F,single,9876123412357610,billie.albans@company2.com
91,Amarylis,Nenninger,F,single,9876123412357710,a.nenninger@company2.com
92,Sherry,House,F,married,9876123412357810,sherry.house@company2.com
93,Madge,Braun,M,single,9876123412357910,Braun@company.com
94,Cecilia,Linden,F,single,9876123412358010,cecilia.linden@company2.com
95,Oriene,Leary,F,single,9876123412358110,oriene.leary@company2.com
96,Salena,Grace,F,single,9876123412358210,salena.grace@company2.com
97,Gerry,Rapp,F,single,9876123412358310,gerry.rapp@company2.com
98,Margery,Dobson,F,married,9876123412358410,margery.dobson@company2.com
99,Delora,Ziluca,F,divorced,9876123412358510,delora.ziluca@company2.com
100,Yvette,Mossberg,F,widow,9876123412358610,yvette.mossberg@company2.com
101,Lou,Fitz,F,single,9876123412358710,lou.fitz@company2.com
102,Darlene,Wilmoth,F,single,9876123412358810,darlene.wilmoth@company2.com
103,Aileen,Newkirk,F,married,9876123412358910,aileen.newkirk@company2.com
104,Madra,Resnick,M,single,9876123412359010,Resnick@company.com
105,Ardath,Litefoote,F,divorced,9876123412359110,ardath.litefoote@company2.com
106,Darice,Elliott,F,single,9876123412359210,darice.elliott@company2.com
107,Jane,Edmondson,F,single,9876123412359310,jane.edmondson@company2.com
108,Martha,Ponce,F,single,9876123412359410,martha.ponce@company2.com
109,Silva,Stein,F,married,9876123412359510,silva.stein@company2.com
110,Riva,Minnow,F,single,9876123412359610,riva.minnow@company2.com
111,Dione,Libby,F,single,9876123412359710,dione.libby@company2.com
112,Salena,Felton,F,married,9876123412359810,salena.felton@company2.com
113,Leah,Stocks,F,divorced,9876123412359910,leah.stocks@company2.com
114,Elinor,Ahlemann,F,widow,9876123412360010,elinor.ahlemann@company2.com
115,Frankie,Newman,M,married,9876123412360110,Newman@company.com
116,Mae,Hackett,F,single,9876123412360210,Hackett@company.com
117,Alyssa,Resnick,F,single,9876123412360310,alyssa.resnick@company2.com
118,Marta,Kuehler,F,single,9876123412360410,marta.kuehler@company2.com
119,Agna,Nickols,F,single,9876123412360510,agna.nickols@company2.com
120,Faustine,Utterback,F,married,9876123412360610,f.utterback@company2.com
121,Gay,Nance,F,divorced,9876123412360710,gay.nance@company2.com
122,Mavis,Abbassi,F,single,9876123412360810,mavis.abbassi@company2.com
123,Dalila,Rockwell,F,single,9876123412360910,dalila.rockwell@company2.com
124,Taffy,Gregory,F,married,9876123412361010,taffy.gregory@company2.com
125,Charmian,Longerbeam,F,single,9876123412361110,c.longerbeam@company2.com
126,Marlena,Starkey,F,single,9876123412361210,marlena.starkey@company2.com
127,Magda,Rothman,M,single,9876123412361310,Rothman@company.com
128,Nina,Cain,F,married,9876123412361410,nina.cain@company2.com
129,Sorah,Fitz,F,divorced,9876123412361510,sorah.fitz@company2.com
130,Joan,Morales,F,single,9876123412361610,joan.morales@company2.com
131,Soriana,Rosenblum,F,widow,9876123412361710,soriana.rosenblum@company2.com
132,Tammy,Edmondson,F,single,9876123412361810,tammy.edmondson@company2.com
133,Liane,Player,F,single,9876123412361910,liane.player@company2.com
134,Heidi,Kidwell,F,married,9876123412362010,heidi.kidwell@company2.com
135,Lois,Ballenger,F,divorced,9876123412362110,lois.ballenger@company2.com
136,Brenda,Obrien,F,single,9876123412362210,brenda.obrien@company2.com
137,Audrey,Crocker,F,single,9876123412362310,audrey.crocker@company2.com
138,Maggie,Cain,F,single,9876123412362410,Cain@company.com
139,Nanetta,Ruddy,F,married,9876123412362510,nanetta.ruddy@company2.com
140,Zylia,Linden,F,single,9876123412362610,zylia.linden@company2.com
141,Emma,Marshal,F,single,9876123412362710,emma.marshal@company2.com
142,Leonie,Spring,F,married,9876123412362810,leonie.spring@company2.com
143,Neda,Clatterbuck,F,divorced,9876123412362910,neda.clatterbuck@company2.com
144,Olga,Ireland,F,widow,9876123412363010,olga.ireland@company2.com
145,Eleanor,Smartt,F,single,9876123412363110,eleanor.smartt@company2.com
146,Corinne,Feathers,F,single,9876123412363210,corinne.feathers@company2.com
147,Ashley,Glassman,F,single,9876123412363310,ashley.glassman@company2.com
148,Riva,Austin,F,married,9876123412363410,riva.austin@company2.com
149,Maisie,Nary,F,married,9876123412363510,Nary@company.com
150,Leah,Snodgrass,F,divorced,9876123412363610,leah.snodgrass@company2.com
151,Sabina,Naber,F,single,9876123412363710,sabina.naber@company2.com
152,Fritzi,Lauder,F,single,9876123412363810,fritzi.lauder@company2.com
153,Darby,Klesser,F,married,9876123412363910,darby.klesser@company2.com
154,Verna,Yarborough,F,single,9876123412364010,verna.yarborough@company2.com
155,Marjery,Ziluca,F,single,9876123412364110,marjery.ziluca@company2.com
156,Gerry,Leigh,F,married,9876123412364210,gerry.leigh@company2.com
157,Adalia,Haske,F,divorced,9876123412364310,adalia.haske@company2.com
158,Corinna,Basket,F,widow,9876123412364410,corinna.basket@company2.com
159,Dorcas,Poindexter,F,single,9876123412364510,dorcas.poindexter@company2.com
160,Malcom,Ingersoll,M,single,9876123412364610,Ingersoll@company.com
161,Linda,Hermann,F,single,9876123412364710,linda.hermann@company2.com
162,Anna,Lein,F,married,9876123412364810,anna.lein@company2.com
163,Mariette,Edison,F,divorced,9876123412364910,mariette.edison@company2.com
164,Bernadette,Kenyon,F,single,9876123412365010,bernadette.kenyon@company2.com
165,Lila,Lamay,F,single,9876123412365110,lila.lamay@company2.com
166,Michaela,Lazar,F,single,9876123412365210,michaela.lazar@company2.com
167,Eve,Herd,F,married,9876123412365310,eve.herd@company2.com
168,Justa,Killman,F,single,9876123412365410,justa.killman@company2.com
169,Carla,Pilcher,F,single,9876123412365510,carla.pilcher@company2.com
170,Jean,Faulk,F,single,9876123412365610,jean.faulk@company2.com
171,Mallory,Grace,M,single,9876123412365710,Grace@company.com
172,Dawn,Reuter,F,married,9876123412365810,dawn.reuter@company2.com
173,Lisette,Whitehead,F,divorced,9876123412365910,lisette.whitehead@company2.com
174,Ethel,Weston,F,widow,9876123412366010,ethel.weston@company2.com
175,Vania,Meese,F,single,9876123412366110,vania.meese@company2.com
176,Carin,Lightfoot,F,single,9876123412366210,carin.lightfoot@company2.com
177,Delora,Valentino,F,married,9876123412366310,delora.valentino@company2.com
178,Candra,Ram,F,divorced,9876123412366410,candra.ram@company2.com
179,Valeriana,Everline,F,single,9876123412366510,v.everline@company2.com
180,Jacinta,Kane,F,single,9876123412366610,jacinta.kane@company2.com
181,Chanda,Sayer,F,married,9876123412366710,chanda.sayer@company2.com
182,Manda,Pardue,F,married,9876123412366810,Pardue@company.com
183,Michelle,Early,F,single,9876123412366910,michelle.early@company2.com
184,Eliana,Zanth,F,single,9876123412367010,eliana.zanth@company2.com
185,Nanette,Wipple,F,single,9876123412367110,nanette.wipple@company2.com
186,Laurice,Longerbeam,F,married,9876123412367210,l.longerbeam@company2.com
187,Robin,Irving,F,divorced,9876123412367310,robin.irving@company2.com
188,Iris,Litefoote,F,widow,9876123412367410,iris.litefoote@company2.com
189,Penelope,Oliver,F,single,9876123412367510,penelope.oliver@company2.com
190,Rosemary,Tannenbaum,F,single,9876123412367610,r.tannenbaum@company2.com
191,Stacia,Whitehead,F,married,9876123412367710,stacia.whitehead@company2.com
192,Amy,Cassidy,F,divorced,9876123412367810,amy.cassidy@company2.com
193,Mandisa,Grandy,F,single,9876123412367910,Grandy@company.com
194,Phyllis,Geralt,F,single,9876123412368010,phyllis.geralt@company2.com
195,Heidi,Curr,F,single,9876123412368110,heidi.curr@company2.com
196,Katherine,Lipp,F,single,9876123412368210,katherine.lipp@company2.com
197,Marette,Overton,F,married,9876123412368310,marette.overton@company2.com
198,Blythe,Gant,F,single,9876123412368410,blythe.gant@company2.com
199,Phyllis,Carr,F,single,9876123412368510,phyllis.carr@company2.com
200,Dorcas,Paintor,F,married,9876123412368610,dorcas.paintor@company2.com
201,Alyssa,Clipp,F,divorced,9876123412368710,alyssa.clipp@company2.com
202,Anita,Crisp,F,widow,9876123412368810,anita.crisp@company2.com
203,Moriah,Akerlley,F,single,9876123412368910,moriah.akerlley@company2.com
204,Manus,Pinkston,M,single,9876123412369010,Pinkston@company.com
205,Wileen,Kuhler,F,single,9876123412369110,wileen.kuhler@company2.com
206,Marella,Polk,F,married,9876123412369210,marella.polk@company2.com
207,Idette,Forster,F,divorced,9876123412369310,idette.forster@company2.com
208,Madallyn,Skeen,F,single,9876123412369410,madallyn.skeen@company2.com
209,Regina,Abrams,F,single,9876123412369510,regina.abrams@company2.com
210,Harriett,Quinlan,F,married,9876123412369610,harriett.quinlan@company2.com
211,Astrid,Rice,F,single,9876123412369710,astrid.rice@company2.com
212,Norma,Ramsey,F,single,9876123412369810,norma.ramsey@company2.com
213,Poppy,Jacobs,F,single,9876123412369910,poppy.jacobs@company2.com
214,Marilynn,Skillman,F,single,9876123412370010,marilynn.skillman@company2.com
215,Manvel,Welch,M,married,9876123412370110,Welch@company.com
216,Editha,Raab,F,married,9876123412370210,editha.raab@company2.com
217,Abigail,Malloney,F,divorced,9876123412370310,abigail.malloney@company2.com
218,Adine,Eden,F,widow,9876123412370410,adine.eden@company2.com
219,Mabel,Trent,F,single,9876123412370510,mabel.trent@company2.com
220,Kitty,Wolsey,F,single,9876123412370610,kitty.wolsey@company2.com
221,Faustine,Fleming,F,single,9876123412370710,faustine.fleming@company2.com
222,Eliza,Filbert,F,married,9876123412370810,eliza.filbert@company2.com
223,Tammy,Livesay,F,divorced,9876123412370910,tammy.livesay@company2.com
224,Pauline,Fiefer,F,single,9876123412371010,pauline.fiefer@company2.com
225,Vida,Albans,F,single,9876123412371110,vida.albans@company2.com
226,Franklin,German,M,single,9876123412371210,German@company.com
227,Manvil,Austin,M,single,9876123412371310,Austin@company.com
228,Robin,Howel,F,single,9876123412371410,robin.howel@company2.com
229,Elsie,Naber,F,married,9876123412371510,elsie.naber@company2.com
230,Chloe,Dwyer,F,single,9876123412371610,chloe.dwyer@company2.com
231,Kirstin,Salvadore,F,single,9876123412371710,kirstin.salvadore@company2.com
232,Kathie,Henline,F,married,9876123412371810,kathie.henline@company2.com
233,Hattie,Kindrid,F,divorced,9876123412371910,hattie.kindrid@company2.com
234,Paulette,Hubbard,F,widow,9876123412372010,paulette.hubbard@company2.com
235,Kathleen,Aldridge,F,single,9876123412372110,kathleen.aldridge@company2.com
236,Donella,Peebles,F,single,9876123412372210,donella.peebles@company2.com
237,Harriett,Cook,F,married,9876123412372310,harriett.cook@company2.com
238,Mara,Weatherford,F,single,9876123412372410,Weatherford@company.com
239,Teresa,Harris,F,divorced,9876123412372510,teresa.harris@company2.com
240,Meg,Devereaux,F,single,9876123412372610,meg.devereaux@company2.com
241,Anita,Fischer,F,single,9876123412372710,anita.fischer@company2.com
242,Ona,Legg,F,married,9876123412372810,ona.legg@company2.com
243,Charlene,Gottlieb,F,single,9876123412372910,charlene.gottlieb@company2.com
244,Lucette,Gray,F,single,9876123412373010,lucette.gray@company2.com
245,Echo,Damato,F,married,9876123412373110,echo.damato@company2.com
246,Deloris,Drumm,F,divorced,9876123412373210,deloris.drumm@company2.com
247,Jocelyn,Jewell,F,widow,9876123412373310,jocelyn.jewell@company2.com
248,Holly,Seimore,F,single,9876123412373410,holly.seimore@company2.com
249,Marc,Alexander,M,married,9876123412373510,Alexander@company.com
250,Honey,Rattcliffe,F,single,9876123412373610,honey.rattcliffe@company2.com
251,Clyte,Jacobs,F,married,9876123412373710,clyte.jacobs@company2.com
252,Raphaela,Foreman,F,divorced,9876123412373810,raphaela.foreman@company2.com
253,Collette,Weaver,F,single,9876123412373910,collette.weaver@company2.com
254,Betsy,Speer,F,single,9876123412374010,betsy.speer@company2.com
255,Tobey,Nutter,F,married,9876123412374110,tobey.nutter@company2.com
256,Decima,Schenk,F,single,9876123412374210,decima.schenk@company2.com
257,Myrtle,Sizemore,F,single,9876123412374310,myrtle.sizemore@company2.com
258,Harriett,Fernandez,F,single,9876123412374410,h.fernandez@company2.com
259,Sudip,Majumder,F,married,9876123412374510,sudip.majumder@company2.com
260,Marcel,Gutierrez,M,single,9876123412374610,Gutierrez@company.com
261,Deirdre,Justice,F,single,9876123412374710,deirdre.justice@company2.com
262,Faith,Mann,F,divorced,9876123412374810,faith.mann@company2.com
263,Winifred,Wensel,F,widow,9876123412374910,winifred.wensel@company2.com
264,Carina,Proll,F,single,9876123412375010,carina.proll@company2.com
265,Floy,Grimshaw,F,single,9876123412375110,floy.grimshaw@company2.com
266,Moriah,Cooper,F,single,9876123412375210,moriah.cooper@company2.com
267,Laverne,Duke,F,married,9876123412375310,laverne.duke@company2.com
268,Germaine,Diehl,F,divorced,9876123412375410,germaine.diehl@company2.com
269,Marla,Libby,F,single,9876123412375510,marla.libby@company2.com
270,Verna,Walsh,F,single,9876123412375610,verna.walsh@company2.com
271,Marcella,Gentle,M,single,9876123412375710,Gentle@company.com
272,Isabella,Stahlin,F,married,9876123412375810,isabella.stahlin@company2.com
273,Arentina,Downey,F,single,9876123412375910,arentina.downey@company2.com
274,Betty,Sampler,F,single,9876123412376010,betty.sampler@company2.com
275,Gwynne,Stark,F,single,9876123412376110,gwynne.stark@company2.com
276,Sada,Barlow,F,married,9876123412376210,sada.barlow@company2.com
277,Holly,Kindrid,F,divorced,9876123412376310,holly.kindrid@company2.com
278,Nan,Lamay,F,widow,9876123412376410,nan.lamay@company2.com
279,Dana,Nesbit,F,single,9876123412376510,dana.nesbit@company2.com
280,Jennifer,Cole,F,single,9876123412376610,jennifer.cole@company2.com
281,Rosamond,Daley,F,married,9876123412376710,rosamond.daley@company2.com
282,Marcus,Maccarthy,M,married,9876123412376810,Maccarthy@company.com
283,Jacqueline,Bradley,F,divorced,9876123412376910,j.bradley@company2.com
284,Ardith,Kitchens,F,single,9876123412377010,ardith.kitchens@company2.com
285,Audris,Hickey,F,single,9876123412377110,audris.hickey@company2.com
286,Megan,Vankirk,F,single,9876123412377210,megan.vankirk@company2.com
287,Yvonne,Lauderdale,F,married,9876123412377310,yvonne.lauderdale@company2.com
288,Erna,Barajas,F,single,9876123412377410,erna.barajas@company2.com
289,Aloyse,Welch,F,single,9876123412377510,aloyse.welch@company2.com
290,Evelyn,Jewell,F,single,9876123412377610,evelyn.jewell@company2.com
291,Suzette,Trent,F,married,9876123412377710,suzette.trent@company2.com
292,Lynn,Snyder,F,divorced,9876123412377810,lynn.snyder@company2.com
293,Margarat,Allis,M,single,9876123412377910,Allis@company.com
294,Brooke,Keith,F,widow,9876123412378010,brooke.keith@company2.com
295,Pamela,Barone,F,single,9876123412378110,pamela.barone@company2.com
296,Atlanta,Roisston,F,single,9876123412378210,atlanta.roisston@company2.com
297,Jacinta,Mathews,F,married,9876123412378310,jacinta.mathews@company2.com
298,Nan,Capps,F,single,9876123412378410,nan.capps@company2.com
299,Olive,Sink,F,divorced,9876123412378510,olive.sink@company2.com
300,Billie,Wade,F,single,9876123412378610,billie.wade@company2.com
301,Arlinda,Remler,F,single,9876123412378710,arlinda.remler@company2.com
302,Thelma,Glassman,F,married,9876123412378810,thelma.glassman@company2.com
303,Maud,Dostor,F,single,9876123412378910,maud.dostor@company2.com
304,Mario,Rider,M,single,9876123412379010,Rider@company.com
305,Wynnee,Rudder,F,single,9876123412379110,wynnee.rudder@company2.com
306,Lenore,Birch,F,married,9876123412379210,lenore.birch@company2.com
307,Rebecca,Reagan,F,divorced,9876123412379310,rebecca.reagan@company2.com
308,Raina,Klemm,F,widow,9876123412379410,raina.klemm@company2.com
309,Alethea,Kotch,F,single,9876123412379510,alethea.kotch@company2.com
310,Deirdre,Kenyon,F,single,9876123412379610,deirdre.kenyon@company2.com
311,Laverne,Valentino,F,married,9876123412379710,laverne.valentino@company2.com
312,Emerald,Elliott,F,divorced,9876123412379810,emerald.elliott@company2.com
313,Neda,Dunkin,F,single,9876123412379910,neda.dunkin@company2.com
314,Merle,Gowen,F,single,9876123412380010,merle.gowen@company2.com
315,Marshal,Lassiter,M,married,9876123412380110,Lassiter@company.com
316,Kristie,Grandy,F,married,9876123412380210,kristie.grandy@company2.com
317,Yachi,Thomas,F,single,9876123412380310,yachi.thomas@company2.com
318,Diamond,Duval,F,single,9876123412380410,diamond.duval@company2.com
319,Aimee,Landolt,F,married,9876123412380510,aimee.landolt@company2.com
320,Dorothea,Osgode,F,divorced,9876123412380610,dorothea.osgode@company2.com
321,Paula,Wong,F,widow,9876123412380710,paula.wong@company2.com
322,Justina,Barnhouse,F,single,9876123412380810,justina.barnhouse@company2.com
